orders,ordering_users,gmv,net_revenue,gross_profit,gross_margin,return_rate,cancellation_rate,aov,avg_basket_size,repeat_purchase_rate
124923,79894,9154398.068285797,8067638.527391132,4185725.800141252,0.5188291203094852,0.11836158192090396,0.14987632381547034,86.16510228976965,1.4485955356189255,0.3039790765881535
