stage,sessions,conversion_from_all,conversion_from_previous
Все сессии,680952,1.0,1.0
Просмотр товара/категории,680952,1.0,1.0
Корзина,430715,0.6325188853252506,0.6325188853252506
Покупка,180952,0.26573385495600277,0.4201200329684362
