segment,customers,revenue,avg_order_count,avg_recency_days,customer_share,revenue_share
Champions,8152,2087274.9713521004,2.4400147203140334,49.36923454367027,0.12324252411332506,0.258721925166257
Potential Loyalists,17101,1467238.8411838189,1.0,122.04742412724401,0.258534151724972,0.18186720143723226
Loyal Customers,9964,1264788.9520708509,1.898936170212766,126.3444399839422,0.15063647083723883,0.15677313104406665
High Value At Risk,4524,1089417.530586958,2.127763041556145,468.40671971706456,0.06839415837692378,0.13503549110290242
Lost Customers,12141,1052693.2610514164,1.0,551.8346099991763,0.1835485138935083,0.13048344413019092
At Risk,9794,726965.8110736609,1.17214621196651,534.8104962221769,0.148066398572854,0.09010887245449543
New Customers,4470,379259.16007232666,1.0,18.208501118568233,0.067577782481178,0.04700993466485531
