delivery_group,orders,returned_orders,return_rate,not_returned_orders
> 5 дней,5748,1644,0.2860125260960334,4104
≤ 5 дней,37850,10926,0.288665785997358,26924
