group,users,conversions,conversion,revenue_per_user,contribution_per_user
control,12000,955,0.07958333333333334,6.821019999027252,3.5432280732902766
treatment,12000,1095,0.09125,7.9667150084376335,3.552092425246818
