metric,uplift,ci_low,ci_high,p_value,significant
conversion,0.011666666666666659,0.00459586278405923,0.018737470549274087,0.0012238984002360376,True
